tags::men,21784
dimension::large,21142
dimension::medium,20672
dimension::very large,20657
dimension::small,19881
dimension::tiny,19602
tags::women,15840
medium::wood,11653
medium::terracotta,11636
culture::japan,11077
medium::silk,10589
culture::greek,10227
country::egypt,9746
tags::flowers,9498
medium::silver,8699
culture::attic,8630
culture::china,7723
tags::portraits,7527
culture::french,7457
medium::gold,7430
culture::american,6678
medium::etching,5846
culture::italian,5105
medium::stone,4864
medium::porcelain,4664
culture::british,4574
tags::birds,4398
medium::engraving,4258
tags::trees,4232
medium::bronze,4096
medium::glass,3817
tags::leaves,3477
tags::human figures,3280
culture::german,3129
country::iran,3100
country::united states,2894
culture::rome,2772
medium::albumen photograph,2654
tags::profiles,2644
tags::landscapes,2614
tags::animals,2597
tags::actresses,2415
medium::wool,2362
medium::pen and brown ink,2344
medium::cotton,2303
medium::woodcut,2219
medium::watercolor,2094
medium::steel,2088
medium::polychrome woodblock print,2012
tags::horse riding,2010
medium::ceramic,1982
country::peru,1965
tags::bowls,1915
medium::commercial color lithograph,1841
medium::linen,1752
tags::architecture,1751
tags::horses,1689
medium::albumen silver print from glass negative,1681
culture::cypriot,1660
medium::ivory,1645
tags::dogs,1643
tags::christ,1640
tags::buildings,1628
medium::hard-paste porcelain,1624
medium::limestone,1570
tags::bottles,1553
medium::pen and black ink,1545
medium::iron,1526
medium::faience,1500
tags::carriages,1498
tags::coat of arms,1495
medium::copper,1493
tags::boats,1462
medium::ink,1422
medium::graphite,1412
tags::heads,1394
tags::ornament,1392
tags::vases,1342
tags::books,1339
tags::angels,1336
tags::seals,1303
medium::earthenware,1229
medium::etching and engraving,1226
tags::lions,1225
tags::tools and equipment,1220
tags::houses,1203
tags::female nudes,1202
tags::soldiers,1190
medium::brass,1148
tags::hieroglyphs,1131
medium::oil on canvas,1126
tags::satire,1116
tags::saints,1078
medium::paint,1078
tags::sculpture,1063
medium::copper alloy,1052
tags::boys,1026
culture::coptic,1014
country::byzantine egypt,1014
culture::spain,1013
medium::leather,1006
tags::male nudes,983
tags::children,966
medium::soft-paste porcelain,949
medium::bobbin lace,935
country::mexico,912
tags::girls,911
culture::london,909
tags::mountains,908
tags::virgin mary,905
medium::pottery,891
tags::musical instruments,884
medium::metal,866
tags::dishes,865
tags::dragons,862
culture::paris,830
medium::hand-colored etching,818
tags::dresses,806
culture::european,804
tags::jars,800
tags::swords,770
culture::india,757
tags::faces,748
medium::salted paper print from paper negative,733
country::france,730
tags::scarabs,729
culture::iran,727
tags::actors,726
medium::brush and brown wash,715
tags::cups,711
tags::fish,702
tags::ships,694
culture::etruscan,693
medium::marble,691
medium::black chalk,682
tags::cross,674
tags::buddhism,671
tags::rivers,662
medium::silk and metal thread,660
tags::madonna and child,658
medium::clay,658
medium::opaque watercolor,644
medium::stonepaste,639
tags::interiors,634
culture::dutch,620
tags::jugs,615
medium::paper,611
tags::pendants,602
medium::gold on paper,602
medium::silk / compound weave,600
tags::putti,598
culture::sasanian,590
medium::hanging scroll,579
medium::stucco; carved,578
tags::deer,571
tags::working,566
tags::netsuke,563
medium::enamel,559
tags::bridges,551
tags::earrings,550
medium::wood engraving,541
medium::lithograph,537
tags::fans,535
medium::albumen silver print,534
tags::lamps,527
tags::kings,527
tags::plants,517
tags::jewelry,516
tags::infants,514
culture::staffordshire,514
tags::coins,502
culture::flemish,498
tags::weapons,494
tags::ruins,493
medium::metallic thread,490
country::england,490
medium::bone,487
tags::funerary objects,482
country::india,482
medium::gilt,481
tags::flags,480
tags::crowd,480
medium::tapestry weave,479
tags::cupid,474
tags::american civil war,469
country::germany,469
tags::satyrs,464
tags::arches,459
culture::meissen,459
medium::pigment,456
medium::linen; plain weave,454
medium::jade,454
culture::venice,453
tags::insignia,449
tags::eagles,444
tags::mythical creatures,440
medium::metal thread,439
tags::fruit,436
medium::needle lace,436
culture::mexico,435
medium::copper-gold alloy (shakud¨­),434
medium::tin-glazed earthenware,432
tags::cuneiform,426
culture::indonesia (java),423
medium::gilt bronze,421
tags::jesus,420
culture::frankish,419
medium::gouache,417
medium::brush and gray wash,413
culture::american or european,412
medium::lacquer,401
culture::austrian,396
medium::mud,391
tags::butterflies,389
country::turkey,388
tags::cows,384
tags::mirrors,383
tags::crucifixion,381
tags::battles,371
medium::watercolor on ivory,353
medium::red chalk,350
medium::polychrome woodblock print (surimono),350
medium::pen and ink,350
medium::silver gilt,349
culture::s¨¨vres,347
culture::south italian,343
medium::pewter,342
tags::rings,338
tags::masks,338
medium::lithograph on newsprint,338
medium::oil on wood,337
culture::minoan,336
culture::korea,336
tags::insects,334
tags::bulls,327
tags::saint john the baptist,323
medium::camelid hair,322
culture::russian,321
tags::dancing,320
medium::painted,320
tags::cartouches,319
tags::musicians,318
tags::buddha,317
tags::goddess,316
medium::oak,316
tags::beakers,313
medium::mother-of-pearl,312
medium::mahogany,312
medium::over black chalk,310
culture::byzantine,306
tags::tables,304
tags::shields,302
medium::clay (unfired),301
culture::assyrian,299
tags::churches,296
medium::steatite,295
tags::snakes,292
culture::swiss,292
medium::nephrite,289
medium::copper-silver alloy (shibuichi),289
medium::carnelian,288
tags::bodhisattvas,287
tags::athletes,285
tags::death,284
tags::chariots,284
tags::cats,280
medium::lead,280
tags::robes,279
tags::temples,276
tags::ewers,276
tags::reading,275
country::syria,275
tags::stage design,274
medium::silk on linen,272
tags::candlesticks,270
medium::gray wash,270
culture::florence,269
tags::monkeys,268
tags::grapes,267
tags::elephants,267
tags::arabic,266
medium::relief print (wood or metal),266
medium::hand-colored etching and aquatint,266
medium::maiolica (tin-glazed earthenware),264
culture::paracas,264
tags::teapots,263
tags::hunting,260
tags::bow and arrow,259
medium::walnut,259
tags::gardens,255
tags::sheep,252
tags::saucers,252
tags::hills,252
tags::cities,252
tags::boxes,252
tags::weights and measures,249
country::italy,249
tags::columns,247
culture::babylonian,247
medium::textile,243
country::china,243
tags::venus,241
tags::garlands,239
medium::brown wash,236
culture::south netherlandish,236
tags::couples,233
country::spain,232
culture::european or middle eastern,231
tags::goats,230
tags::documents,229
medium::shell,227
tags::roses,220
tags::spears,218
tags::peacocks,217
culture::moche,217
tags::hands,216
tags::chairs,216
tags::bracelets,216
medium::pottery fragment with ink inscription,216
culture::naples,215
tags::coptic,213
tags::politics,212
medium::faience (tin-glazed earthenware),210
medium::etching and drypoint,210
culture::moche (loma negra),210
medium::ink on paper,209
tags::roosters,206
tags::fountains,206
tags::correspondence,206
tags::skeletons,204
medium::travertine (egyptian alabaster),204
medium::drypoint,204
medium::hematite,203
tags::clouds,202
medium::triptych of polychrome woodblock prints,201
culture::thai,201
country::iraq,201
tags::donkeys,199
culture::tibet,199
tags::ducks,197
tags::trays,195
tags::suffering,195
tags::rabbits,195
culture::augsburg,195
tags::calligraphy,194
tags::drinking,193
medium::glazed steatite,193
tags::windows,192
medium::steatite (glazed),192
medium::agate,192
tags::tombs,191
tags::poetry,191
tags::beads,191
country::colombia,191
tags::drinking glasses,189
medium::rock crystal,189
tags::sleeping,188
tags::games,188
medium::pen,188
tags::hinduism,187
tags::hercules,187
medium::glazed,184
tags::cranes,183
medium::black ink,183
medium::salt-glazed stoneware,181
medium::colorless glass,180
culture::venice (murano),180
tags::sphinx,178
tags::griffins,178
tags::firearms,178
tags::pocket watches,177
country::egypt or syria,176
tags::holy family,175
medium::heightened with white,175
medium::ink and opaque watercolor on paper,174
tags::writing implements,173
culture::chelsea,173
tags::apostles,172
medium::horn,172
medium::jade (nephrite),171
tags::ceilings,170
medium::pressed glass,170
culture::worcester,170
medium::black,169
tags::shepherds,167
tags::forests,167
tags::smoking,166
tags::seas,166
tags::dancers,166
medium::tempera on wood,166
medium::etching and aquatint,166
tags::snow,163
medium::wash,163
tags::nymphs,161
culture::chim¨²,161
tags::castles,160
tags::george washington,159
medium::stained glass,159
medium::maple,159
tags::gandhara,157
culture::vienna,157
tags::capitals,156
medium::tempera,155
tags::furniture,154
tags::demons,154
tags::pins,153
tags::hats,153
medium::earthenware; glazed,153
culture::lydian,153
tags::waterfalls,152
medium::mezzotint,152
medium::lead-glazed earthenware,152
medium::embroidered net,152
tags::incense burners,151
medium::jadeite,151
tags::liturgical objects,150
medium::color,150
tags::skulls,149
tags::sadness,149
tags::rams,148
medium::over graphite,148
tags::camels,146
tags::badges,146
tags::armor,146
culture::laconian,145
tags::playing cards,144
tags::gates,144
tags::chinoiserie,144
tags::apollo,144
medium::tempera on paper,144
medium::graphite on off-white wove paper,144
medium::feathers,144
culture::eastern mediterranean,144
tags::moon,143
tags::writing,141
tags::food,141
tags::fishing,141
medium::bronze or copper alloy,141
tags::vines,140
tags::tigers,140
tags::streets,140
tags::queens,140
medium::stucco; carved; painted,140
culture::egypt,140
culture::bactria-margiana archaeological complex,140
medium::pine,139
medium::over traces of black chalk,139
medium::album leaf,139
culture::belgian,138
tags::vestments,137
medium::slip,137
medium::cupreous metal,137
culture::apulian,137
tags::palaces,136
tags::boars,136
tags::arrowheads,136
medium::indurated limestone,136
medium::handscroll,135
medium::chalcedony,135
tags::beds,134
tags::cannons,133
tags::cabinets,133
tags::wreaths,132
medium::daguerreotype,132
culture::india (gujarat),132
culture::vic¨²s,131
culture::inca,131
tags::shells,130
tags::playing,130
tags::monuments,130
tags::eros,130
tags::jainism,129
tags::clocks,129
medium::wool; tapestry weave,129
medium::metal wrapped thread,129
medium::engraving and etching,129
medium::amber,129
country::costa rica,129
tags::waves,128
tags::music,128
tags::frogs,128
tags::bamboo,128
medium::woodblock printed book,128
culture::brussels,128
tags::annunciation,127
medium::on paper,127
culture::bohemian,127
tags::roads,126
medium::vitreous paint,126
tags::helmets,125
medium::un-baked clay,125
tags::urns,124
medium::lapis lazuli,124
tags::towers,123
tags::tents,123
tags::mary magdalene,123
tags::lotuses,123
tags::chess,123
tags::saint peter,122
medium::porcelain painted in underglaze blue,122
medium::ebony,122
tags::flutes,121
tags::altars,121
medium::silver-gilt,120
medium::porcelain painted in overglaze polychrome enamels,120
medium::incised lines,120
medium::graphite on paper,120
tags::swans,119
tags::deities,119
medium::dark brown ink,119
culture::peruvian,119
culture::irish,119
culture::for european market,119
culture::nuremberg,118
culture::indonesia (central java),118
tags::villages,117
tags::painting,117
tags::jockeys,117
medium::turquoise,117
culture::british (american market),117
tags::saint paul,116
medium::sandstone,116
medium::gold ground,116
tags::medallions,115
tags::doors,115
medium::stucco,115
medium::drawnwork,115
country::nigeria,115
tags::grotesques,114
tags::family,114
tags::baseball,114
culture::for british market,114
medium::pen and gray ink,113
tags::nativity,112
tags::dining,112
medium::velvet,112
medium::red,112
medium::flint,112
tags::cameos,111
medium::white pine,111
medium::tortoiseshell,111
tags::serpents,110
tags::mothers,110
tags::fireplaces,110
medium::graphite on wove paper,110
culture::milan,110
tags::lakes,109
tags::adoration of the magi,109
medium::silver (hammered),109
culture::achaemenid,109
tags::owls,108
medium::gilded copper,108
tags::centaurs,107
tags::bats,107
medium::straw,107
medium::embroidered,107
medium::champlev¨¦ enamel,107
medium::various materials,106
culture::nasca,106
culture::for american market,106
tags::necklaces,105
tags::fire,105
medium::stoneware,105
medium::blue,105
tags::spectators,104
tags::bathing,104
medium::plaster,104
medium::parian porcelain,104
medium::brown,104
culture::old assyrian trading colony,104
culture::netherlandish,104
tags::candelabra,103
tags::adam,103
medium::part of an album of woodblock prints (surimono),103
culture::peru; north coast,103
culture::parthian,103
tags::turtles,102
tags::lovers,102
tags::eve,101
medium::poplar,101
medium::papyrus and ink,101
medium::albumen silver print from paper negative,101
culture::sumerian,101
tags::dolphins,100
tags::axes,100
medium::hand-colored,100
tags::saint jerome,99
tags::generals,99
tags::army,99
medium::point d'angleterre,99
medium::boxwood,99
medium::bamboo,98
culture::genoa,98
tags::servants,97
tags::saint john the evangelist,97
tags::napoleon i,97
tags::feet,97
medium::painted enamel,97
medium::highlighted with white gouache,97
medium::gesso,97
culture::mezcala,97
tags::falcons,96
tags::drums,96
tags::maps,95
tags::diana,95
tags::bears,95
medium::green,95
medium::color lithograph,95
medium::cast,95
tags::foxes,94
medium::incised,94
culture::east greek/sardis,94
culture::central asia,94
culture::birmingham,94
tags::theatre,93
tags::amulets,93
tags::obelisks,92
tags::canals,92
medium::yellow,92
culture::indonesia,92
country::ecuador,92
tags::palmettes,91
culture::philippine,91
culture::hungarian,91
tags::watches,90
tags::peonies,90
medium::highlighted with white,90
culture::italian or spanish,90
tags::towns,89
tags::jupiter,89
medium::wrought iron,89
medium::salted paper print,89
culture::pakistan (ancient region of gandhara),89
tags::chickens,88
tags::bacchus,88
medium::diamonds,88
medium::commercial lithograph,88
medium::silk on silk,87
medium::linen; tapestry weave,87
medium::lacy pressed glass,87
tags::parrots,86
medium::wood; carved,86
medium::salted paper print from glass negative,86
medium::roiro,86
medium::pen and black and gray ink,86
medium::folding fan mounted as an album leaf,86
culture::edo peoples,86
tags::stairs,85
medium::partly gilt,85
medium::metallic,85
medium::coral,85
culture::southern german,85
culture::maya,85
culture::delft,85
tags::self-portraits,84
tags::saint catherine,84
tags::keys,84
tags::basins,84
medium::parchment,84
medium::etching; only state,84
culture::turkish,84
tags::saint joseph,83
tags::knives,83
medium::pencil,83
medium::parcel gilt,83
medium::on blue paper,83
medium::glass paste,83
tags::seascapes,82
tags::coffeepots,82
tags::bishops,82
medium::transfer-printed,82
medium::jasper,82
tags::princes,81
tags::doorways,81
medium::copper (hammered),81
culture::rouen,81
tags::unicorns,80
medium::struck,80
medium::pearls,80
culture::cambodia,80
tags::pigs,79
medium::watercolor over graphite,79
medium::silk; plain weave,79
medium::imari type,79
medium::cloisonn¨¦ enamel,79
tags::sun,78
tags::parks,78
tags::monks,78
tags::goblets,78
medium::white,78
medium::painted enamel on copper,78
medium::hand-colored lithograph,78
medium::copper (cast),78
tags::mercury,77
tags::censers,77
medium::watercolor on paper,77
medium::linen and silk,77
medium::alabaster,77
culture::catalan,77
culture::aztec,77
country::northern france,77
tags::violins,76
tags::scrolls,76
tags::athena,76
medium::iron alloy,76
medium::earthenware; unglazed,76
medium::cutwork,76
culture::wari,76
tags::curtains,75
medium::silver stain,75
medium::rosewood,75
tags::pitchers,74
tags::daoism,74
tags::adoration of the shepherds,74
medium::niello,74
culture::peru; central coast,74
culture::corinthian,74
culture::campanian,74
tags::screens,73
tags::monsters,73
tags::cosmetic containers,73
medium::gilding,73
culture::italian or french,73
culture::east greek,73
tags::psyche,72
medium::blue faience,72
culture::pakistan,72
country::panama,72
tags::winter,71
tags::windmills,71
tags::still life,71
tags::neptune,71
tags::bedrooms,71
tags::artists,71
medium::pot-metal glass,71
medium::pen and dark brown ink,71
medium::only state,71
culture::assyro-babylonian,71
tags::dionysus,70
medium::carved,70
culture::southern and northern cheyenne,70
culture::portuguese,70
culture::lyons,70
country::united kingdom,70
tags::herakles,69
medium::tulip poplar,69
medium::crayon on paper,69
medium::aquatint,69
tags::leopards,68
tags::horus,68
tags::eyes,68
tags::popes,67
tags::moses,67
tags::mice,67
tags::horns,67
tags::fortification,67
tags::farms,67
tags::crocodiles,67
medium::stipple engraving,67
medium::sheffield plate,67
culture::crete,67
tags::rain,66
tags::qur'an,66
tags::globes,66
tags::chests,66
tags::caricature,66
medium::metallic thread;  on silk,66
medium::etching and mezzotint,66
medium::blown glass,66
culture::tarentine,66
culture::syrian,66
culture::mycenaean,66
country::present-day uzbekistan,66
tags::benjamin franklin,65
medium::weft and pile),65
medium::printed in brown ink,65
medium::point d¡¯alen?on,65
medium::papyrus,65
medium::on beige paper,65
medium::nashiji,65
medium::engraved,65
culture::st. petersburg,65
tags::trumpets,64
tags::night,64
tags::costumes,64
medium::glaze,64
medium::gilded,64
tags::reliquaries,63
tags::emblems,63
tags::cosmetic tools,63
tags::coffins,63
medium::transfer lithograph,63
medium::serpentine,63
medium::pot metal glass,63
medium::metal leaf on parchment,63
medium::earthenware; molded,63
culture::northern italian,63
culture::danish,63
country::austria,63
tags::walking,62
tags::tureens,62
tags::krishna,62
tags::harps,62
tags::doves,62
tags::devil,62
tags::david,62
medium::garnet,62
medium::fan mounted as an album leaf,62
culture::geneva,62
country::saudi arabia,62
tags::trophies,61
tags::punishment,61
tags::lutes,61
tags::caryatids,61
medium::polychromy,61
medium::etching on zinc,61
medium::engraving and blackwork,61
culture::greek or roman,61
tags::corpses,60
tags::beaches,60
medium::vitreous paint and silver stain,60
medium::varnish,60
medium::punto ¨¤ rammendo,60
medium::painted terracotta,60
medium::fresco,60
medium::etching with some engraving,60
medium::chromolithography,60
medium::brush,60
culture::olmec,60
culture::greek islands,60
tags::mars,59
tags::entombment,59
culture::limoges,59
tags::tea caddy,58
tags::maenads,58
tags::ladders,58
tags::knights,58
tags::avalokiteshvara,58
medium::wood (ash),58
medium::takamakie,58
medium::stucco (mortar),58
medium::paint (mostly modern),58
medium::brown ink,58
medium::brocaded,58
medium::ash,58
culture::seville,58
culture::costa rica,58
tags::cornucopia,57
tags::balconies,57
tags::arrows,57
medium::monochrome woodblock print,57
medium::lithograph on wove paper,57
medium::ink and watercolor,57
medium::gypsum alabaster,57
medium::etching; second state,57
medium::brush and grey wash,57
culture::sicily,57
culture::nepal (kathmandu valley),57
country::present-day france,57
tags::daggers,56
tags::crabs,56
tags::alexander the great,56
medium::silver on base metal,56
medium::ink and wash,56
medium::cyanotype,56
medium::copper-gilt,56
medium::buratto,56
medium::amethyst,56
culture::stoke-on-trent,56
tags::saint francis,55
tags::prisoners,55
tags::pheasants,55
medium::silk on cotton,55
medium::first state of two,55
medium::enameled copper,55
country::mali,55
tags::princesses,54
tags::fireworks,54
medium::wood (walnut),54
medium::skin,54
medium::silk and metal thread on silk,54
medium::pearl,54
culture::american or british,54
tags::ritual objects,53
tags::lambs,53
medium::silvered,53
medium::rubies,53
medium::red quartzite,53
medium::pen and black and brown ink,53
medium::gray,53
culture::h?chst,53
tags::worshiping,52
tags::vishnu,52
tags::sleighs,52
tags::shakespeare,52
tags::railways,52
tags::poets,52
tags::desks,52
tags::aphrodite,52
medium::tempera and gold on wood,52
medium::silvered copper,52
medium::opaque watercolor on paper,52
medium::gold foil,52
culture::sheffield,52
culture::neo-sumerian,52
tags::wars,51
tags::squirrels,51
tags::saint anne,51
tags::performance,51
tags::kashmir,51
tags::isis,51
tags::gods,51
tags::fashion,51
tags::abraham,51
medium::obsidian,51
medium::heightened with white gouache,51
medium::etching and hand coloring (watercolor),51
medium::enamel on copper,51
tags::vegetables,50
tags::stars,50
tags::last supper,50
medium::gourd,50
medium::etching with engraving,50
medium::etching with drypoint,50
culture::berlin,50
tags::wells,49
tags::triton,49
tags::mosques,49
tags::juno,49
medium::wool warp,49
medium::paste,49
medium::over red chalk,49
medium::gold leaf,49
medium::glazed earthenware,49
culture::scottish,49
culture::sasanian or islamic,49
culture::deruta,49
culture::cretan,49
tags::shiva,48
tags::prisons,48
tags::feathers,48
tags::fear,48
tags::dragonflies,48
tags::american revolution,48
medium::tin,48
medium::silver on paper,48
medium::quartz,48
medium::hanging scroll; ink,48
medium::handscroll; ink on paper,48
culture::north china,48
culture::ica,48
culture::french or italian,48
culture::for dutch market,48
culture::beauvais,48
medium::schist,47
medium::sardonyx,47
medium::onyx,47
culture::versailles,47
country::guatemala,47
country::canada,47
tags::saint george,46
tags::party,46
tags::muses,46
tags::minerva,46
tags::medusa,46
tags::ladles,46
tags::apocalypse,46
medium::unglazed,46
medium::serpentinite,46
medium::second state,46
medium::gray wash on paper,46
medium::brush and brown and gray wash,46
medium::bone china,46
culture::dublin,46
country::netherlands,46
tags::storms,45
tags::snails,45
tags::evening,45
tags::contemplation,45
tags::autumn,45
medium::slip decoration,45
medium::silk and linen,45
medium::partly gilded,45
medium::gilded silver,45
medium::cord,45
culture::vietnam,45
culture::urbino,45
culture::nymphenburg,45
culture::neolithic,45
culture::javanese,45
culture::etruria,45
culture::colombia,45
culture::colima,45
tags::taweret,44
tags::lamentation,44
tags::judith,44
tags::dance,44
tags::bicycles,44
medium::woodblock,44
medium::silk;  on silk,44
medium::silk on wool canvas,44
medium::silk on felt,44
medium::engraving; first state,44
medium::earthenware; white slip,44
medium::bone; tinted,44
culture::persian,44
culture::jouy-en-josas,44
tags::science,43
tags::illness,43
tags::doctors,43
tags::brooches,43
tags::bes,43
medium::inlaid with paint,43
medium::heightened with white chalk,43
medium::hair,43
medium::gelatin silver print,43
medium::charcoal,43
medium::cast - single,43
tags::washing,42
tags::trains,42
tags::palms,42
tags::docks,42
tags::candles,42
tags::ballet,42
medium::spruce,42
medium::graphite and watercolor,42
medium::black and red chalk,42
medium::beads,42
tags::shoes,41
tags::markets,41
tags::hilts,41
tags::hammers,41
tags::crowns,41
tags::chalices,41
tags::acanthus,41
medium::woodblock print,41
medium::sard,41
medium::punto in aria,41
medium::pressed purple marble glass,41
medium::nickel-silver,41
medium::chlorite,41
medium::chased,41
medium::carved walnut,41
medium::carved oak,41
medium::carved and gilded wood,41
medium::bronze; cast,41
culture::saint-cloud,41
culture::babylonian or achaemenid,41
country::present-day afghanistan,41
tags::last judgement,40
medium::tintype,40
medium::stumped,40
medium::lustered,40
medium::chert or flint,40
culture::saxony,40
culture::north italian,40
culture::mitanni,40
culture::frankenthal,40
culture::boeotian,40
country::japan,40
tags::silenus,39
tags::saint michael,39
tags::saint christopher,39
tags::hermes,39
tags::god the father,39
tags::funerals,39
tags::diadems,39
tags::couches,39
medium::stonepaste; glazed,39
medium::gum arabic,39
medium::daguerreotype with applied color,39
medium::brush and brown ink,39
culture::padua,39
culture::ghassulian,39
culture::gaul,39
culture::derby,39
culture::atlantic watershed,39
tags::saint anthony,38
tags::love,38
tags::hair,38
tags::ceremony,38
tags::carts,38
tags::apples,38
medium::silver inlay,38
medium::engraving; second state,38
medium::diorite,38
medium::cherry,38
culture::villanovan,38
culture::spanish or italian,38
culture::bristol,38
country::palestine,38
tags::watermills,37
tags::sports,37
tags::phoenix,37
tags::pegasus,37
tags::louis xiv,37
tags::guitars,37
tags::geese,37
tags::gadrooning,37
tags::farmers,37
medium::wax,37
medium::satinwood,37
medium::reed,37
medium::porcelain decorated in underglaze blue,37
medium::opaque watercolor and gold on paper,37
medium::kutani type,37
medium::ink and color on paper,37
medium::hiramaki-e,37
medium::gold on silk,37
culture::crusader,37
culture::burslem,37
tags::umbrellas,36
tags::tablets,36
tags::street scene,36
tags::streams,36
tags::spring,36
tags::sibyl,36
tags::sarcophagus,36
tags::saint matthew,36
tags::lizards,36
tags::assumption of the virgin,36
tags::archangel gabriel,36
medium::yellow pine,36
medium::white gouache,36
medium::staghorn,36
medium::silk on canvas,36
medium::polychromed terracotta head,36
medium::hand colored,36
medium::greywacke,36
medium::gold (cast),36
medium::etching and drawing,36
medium::emeralds,36
medium::crystal,36
medium::copper alloy (sentoku),36
medium::basalt,36
culture::strasbourg,36
culture::phoenician,36
culture::bow,36
tags::vulcan,35
tags::toys,35
tags::stools,35
tags::nike,35
tags::money,35
tags::historical figures,35
tags::hawks,35
tags::courtyards,35
medium::weft loop weave,35
medium::pentelic,35
medium::mottled brown earthenware,35
medium::kinji,35
medium::horn (cow),35
medium::gilt copper,35
medium::fur,35
medium::diamond thumbprint,35
culture::swedish,35
culture::nantes,35
culture::chim¨² or chancay,35
tags::zodiac,34
tags::utilitarian objects,34
tags::scorpions,34
tags::military,34
tags::mermaids,34
tags::ibex,34
tags::hathor,34
tags::eating,34
tags::ceremonial objects,34
medium::woven,34
medium::silk and metal thread on linen,34
medium::pressed yellow glass,34
medium::parcel-gilt,34
medium::over lead point or graphite,34
medium::metallic thread on silk,34
medium::gilt brass,34
medium::garnets,34
medium::electrum,34
culture::ta¨ªno,34
culture::for portuguese market,34
culture::elamite,34
culture::ancient kingdom of kashmir,34
culture::amsterdam,34
country::dominican republic,34
tags::wagons,33
tags::volcanoes,33
tags::julius caesar,33
tags::cathedrals,33
tags::baskets,33
tags::adonis,33
medium::watercolor over graphite with touches of gouache,33
medium::silk on wool,33
medium::papyrus with ink,33
medium::painted and gilded,33
medium::oil on paper,33
medium::gold on parchment,33
medium::gilded bronze,33
medium::egyptian blue,33
medium::diptych of polychrome woodblock prints,33
medium::brush and gray ink,33
medium::brush and gray,33
culture::seleucid,33
culture::nabataean,33
culture::islamic,33
country::czech republic,33
tags::perseus,32
tags::greek,32
tags::fauns,32
tags::caves,32
medium::verre ¨¦glomis¨¦,32
medium::ruby,32
medium::nabeshima type,32
medium::milanese lace,32
medium::jewels,32
medium::issue 1 (bartsch),32
medium::ink on parchment,32
medium::granite,32
medium::gilt silver,32
medium::etching on laid paper,32
medium::carved red lacquer,32
medium::brown patina,32
medium::black and white chalk,32
culture::northwest china,32
culture::north french,32
culture::late roman,32
culture::alanic,32
tags::tea houses,31
tags::schools,31
tags::sailors,31
tags::ox,31
tags::kitchens,31
tags::jackets,31
tags::holofernes,31
tags::execution,31
tags::drunkenness,31
tags::daily life,31
tags::buffalos,31
tags::bagpipes,31
medium::transparent transfer paper,31
medium::silk and cotton,31
medium::pot-metal glass and vitreous paint,31
medium::pen and black ink over graphite,31
medium::limestone with ink inscription,31
medium::jet,31
medium::grey wash,31
medium::glass; blown,31
medium::free-blown glass,31
medium::burin,31
culture::ptolemaic,31
country::morocco,31
tags::zeus,30
tags::sky,30
tags::pomegranates,30
tags::inns,30
tags::factories,30
medium::silk and metal thread on canvas,30
medium::silk / tapestry,30
medium::satin,30
medium::porcelain with underglaze blue (hizen ware),30
medium::pen and wash,30
medium::linen and metal thread,30
medium::hemp,30
medium::gold sheet,30
medium::gold and silver hiramakie,30
medium::glass; mold blown,30
medium::etching with hand coloring,30
medium::etching and burnished aquatint,30
medium::cast iron,30
culture::polish,30
culture::nepal,30
culture::mechlin,30
culture::dresden,30
culture::chantilly,30
tags::hippos,29
tags::descent from the cross,29
tags::ceres,29
tags::bees,29
medium::wire,29
medium::silk and metallic thread,29
medium::red and black chalk,29
medium::patina,29
medium::over graphite underdrawing,29
medium::gold thread,29
medium::earthenware with pigment,29
medium::drawn on thin,29
medium::cane,29
medium::brush and brown,29
medium::blown pattern-molded glass,29
medium::applied,29
culture::lambayeque (sic¨¢n),29
culture::french or swiss,29
culture::copenhagen,29
culture::chiriqui,29
culture::central coast,29
culture::akkadian,29
country::indonesia,29
tags::mummies,28
tags::fathers,28
tags::don quixote,28
tags::artemis,28
medium::woodcuts,28
medium::watercolor on wove paper,28
medium::tin-glazed and luster-painted earthenware,28
medium::silk and metal thread on felt,28
medium::colored paper,28
culture::hattian,28
culture::for continental market,28
tags::wine,27
tags::kettles,27
tags::hieratic,27
tags::dressing,27
tags::drawing,27
tags::dolls,27
tags::chandelier,27
tags::astronomy,27
tags::anger,27
medium::quartzite,27
medium::horsehair,27
medium::highlighted with white chalk,27
medium::fiber,27
medium::deal,27
medium::cloisonn¨¦ enamel on copper,27
medium::burin and burnisher,27
culture::helladic,27
culture::gubbio,27
culture::fulda,27
tags::sundials,26
tags::summer,26
tags::students,26
tags::queen victoria,26
tags::ponds,26
tags::peaches,26
tags::lobsters,26
tags::indus valley,26
tags::egg and dart,26
medium::wool (pile),26
medium::white marble,26
medium::photolithograph,26
medium::pen and brown ink over graphite,26
medium::pen and brown and black ink,26
medium::oil on copper,26
medium::ivory (walrus),26
medium::illustrations: etching and engraving,26
medium::holly,26
medium::gros point lace,26
medium::cedar,26
culture::zurich,26
culture::spitalfields,26
culture::silesia,26
culture::siena,26
culture::peru; north or central coast,26
culture::norwegian,26
culture::british or irish,26
tags::tools,25
tags::teachers,25
tags::orpheus,25
tags::manjushri,25
tags::gardeners,25
tags::emperor augustus,25
tags::dice,25
tags::boxing,25
medium::transfer lithograph with stumping,25
medium::stucco (mortar); carved,25
medium::polychromed terracotta head and wooden limbs,25
medium::point d'argentan,25
medium::mahogany veneer,25
medium::hide,25
medium::glass beads,25
medium::gilt metal,25
medium::distemper on cloth,25
medium::cut,25
medium::color engraving (¨¤ la poup¨¦e),25
medium::blown,25
culture::vincennes,25
culture::veraguas,25
culture::tuscany,25
culture::tairona,25
culture::mughal,25
culture::eastern,25
tags::pyramids,24
tags::merchants,24
tags::massacres,24
tags::marquis de lafayette,24
tags::anklet,24
tags::amazons,24
medium::white glass,24
medium::washed,24
medium::tempera and gold on parchment,24
medium::pen and black in,24
medium::enameled,24
medium::crayon,24
medium::chlorite or steatite,24
medium::banded,24
medium::applied decoration,24
culture::veneto,24
culture::thuringia,24
culture::scythian,24
culture::djenn¨¦ peoples,24
culture::chaumont-sur-loire,24
culture::after russian original,24
tags::running,23
tags::lanterns,23
tags::cleopatra,23
tags::baptism of christ,23
tags::allegory,23
tags::abbeys,23
medium::woodcut and letterpress,23
medium::wood engraving; proof,23
medium::traces of gilding,23
medium::traces of black chalk,23
medium::tooled on the pontil,23
medium::togidashimaki-e,23
medium::stipple engraving and etching,23
medium::printed book with woodcut illustrations,23
medium::pierced,23
medium::opaque watercolor on palm leaf,23
medium::modern vellum binding,23
medium::ivory or bone,23
medium::ivory (elephant),23
medium::greenstone,23
medium::fundame,23
medium::etching and stipple,23
medium::engraving. third state,23
medium::engraving and hand coloring (watercolor),23
medium::creamware,23
medium::cotton (warp and weft),23
medium::calcite (alabaster),23
medium::brass; cast,23
medium::bone; carved,23
medium::blue glazed steatite,23
medium::blown pattern-molded lead glass,23
culture::visigothic,23
culture::veracruz,23
culture::south staffordshire,23
culture::south indian,23
culture::northeast china,23
culture::mulhausen,23
culture::mewar,23
culture::india (bengal) or bangladesh,23
culture::french or british,23
culture::china or japan,23
culture::celtic,23
culture::burano,23
country::costa rica or panama,23
tags::victory,22
tags::tea drinking,22
tags::singers,22
tags::hot air balloons,22
tags::abstraction,22
medium::zwischengold glass,22
medium::silk and wool on canvas,22
medium::set of three woodblock printed books,22
medium::roulette,22
medium::post-fired paint,22
medium::pen and brown ink over leadpoint,22
medium::paper (four layers of pasteboard) with pen and ink,22
medium::painted wood,22
medium::opaque paint,22
medium::leaded bronze,22
medium::kakiemon type,22
medium::jasperware,22
medium::gray ink,22
medium::glazes,22
medium::glass; free blown,22
medium::gilt-bronze mounts,22
medium::diamond,22
medium::cameo-embossed,22
medium::applied silver and gold,22
culture::valencia,22
culture::langobardic,22
culture::israelite,22
culture::hilt,22
culture::german or austrian,22
culture::french or spanish,22
culture::eastern mediterranean or italian,22
culture::chupicuaro,22
culture::caucasian,22
culture::british or french,22
culture::asia minor,22
culture::after german,22
country::south netherlands,22
country::ghana,22
tags::shunga,21
tags::saint lawrence,21
tags::gourds,21
tags::daisies,21
tags::burials,21
tags::bodies of water,21
tags::acorns,21
medium::wool; plain weave,21
medium::transferred from wood,21
medium::tintype with applied color,21
medium::tinned bronze,21
medium::medallion: cast terracotta (terre de chaumont),21
medium::illustrations: engraving,21
medium::engraving on chine coll¨¦,21
medium::emerald,21
medium::earthenware; incised,21
medium::drawn on fine-grained transfer paper,21
medium::brush and gray-brown wash,21
medium::beryl,21
culture::urartian,21
culture::thailand (ban chiang),21
culture::pasiran,21
culture::munich,21
culture::mennecy,21
culture::lumajang,21
culture::ludwigsburg,21
culture::italian (venice),21
culture::cycladic,21
culture::baluchistan,21
country::iran or iraq,21
tags::scarves,20
tags::pigeons,20
tags::pastoral,20
tags::industry,20
tags::hospitals,20
tags::elections,20
tags::deserts,20
tags::burial grounds,20
tags::ariadne,20
medium::weft,20
medium::tulipwood,20
medium::traces of paint,20
medium::tempera paint,20
medium::proof (delteil),20
medium::polychromed terracotta,20
medium::on brownish paper,20
medium::on brown paper,20
medium::kirigane,20
medium::green feldspar,20
medium::flawed neutral chalcedony (quartz),20
medium::first state,20
medium::etching; reverse copy,20
medium::cotton; plain weave,20
medium::cloth,20
medium::bound in a leather cover,20
medium::beech,20
culture::western european,20
culture::tlatilco,20
culture::north netherlandish,20
culture::mulhouse,20
culture::london original,20
culture::burma,20
culture::antwerp,20
culture::akan peoples,20
culture::after british,20
country::switzerland,20
tags::wind,19
tags::shakyamuni,19
tags::saint mark,19
tags::pianos,19
tags::opera,19
tags::navy,19
tags::genre scene,19
tags::durga,19
tags::cooking,19
tags::cauldrons,19
tags::calendars,19
medium::white oak,19
medium::tin-glazed soft-paste porcelain,19
medium::textile (velvet),19
medium::second state of two,19
medium::rattan,19
medium::porcelain with underglaze blue,19
medium::pigments,19
medium::over leadpoint,19
medium::one sheet of a triptych of polychrome woodblock prints,19
medium::metal inlay,19
medium::letterpress,19
medium::laid down on canvas,19
medium::ivory with metal mounts,19
medium::inlaid with ivory,19
medium::green with red and yellow slips,19
medium::graphite on wove paper with gilt edges,19
medium::graphite on tracing paper,19
medium::granodiorite,19
medium::gold (hammered),19
medium::engraving with etching,19
medium::crochet,19
medium::brush and brown wash over graphite underdrawing,19
medium::brown and gray wash,19
medium::bone; incised,19
medium::blown-molded glass,19
medium::bitumen,19
medium::albumen silver print from waxed paper negative,19
culture::romanian,19
culture::north america,19
culture::nevers,19
culture::moscow,19
culture::italian or german,19
culture::colonial american,19
culture::calima (yotoco),19
culture::bologna,19
tags::singing,18
tags::maitreya,18
tags::lighting,18
tags::leda,18
tags::emperors,18
tags::demotic,18
tags::cooking containers,18
tags::barns,18
tags::acrobats,18
medium::white chalk,18
medium::string,18
medium::soft ground etching,18
medium::soapstone,18
medium::silk / brocaded,18
medium::pen and brown ink over black chalk,18
medium::over leadpoint or black chalk,18
medium::lithograph in black on light gray chine coll¨¦ laid down on ivory wove paper,18
medium::linen and cotton,18
medium::limewood,18
medium::jade (jadeite),18
medium::intaglio,18
medium::illustrations: etching,18
medium::graphite and watercolor on paper,18
medium::gold paint on wove paper,18
medium::gold lithography,18
medium::foundation: cotton warp and weft,18
medium::etching and drypoint on laid paper,18
medium::etching and burin,18
medium::drawn on white transfer paper with a grained-stone texture,18
medium::color lithography with watercolor and gum,18
medium::calcite,18
medium::brush and gray and brown wash,18
medium::black lacquer,18
medium::birch,18
medium::albumen print from glass negative,18
culture::umbria,18
culture::thessaly,18
culture::sumatran,18
culture::sri lankan,18
culture::south german,18
culture::rajasthan,18
culture::peruvian; north coast,18
culture::nayarit,18
culture::meissen with german,18
culture::indus,18
culture::avar,18
country::ireland,18
country::iran or turkey,18
tags::scales,17
tags::literature,17
tags::helen,17
tags::gambling,17
tags::europa,17
tags::eggs,17
tags::circus,17
tags::admirals,17
tags::achilles,17
medium::wool and silk,17
medium::wool and cotton,17
medium::togidashi,17
medium::semi-precious stones,17
medium::raden,17
medium::polychrome,17
medium::platinum print,17
medium::pile),17
medium::pen and ink and watercolor,17
medium::pen and brown ink (recto),17
medium::pattern molded,17
medium::over ruling in graphite,17
medium::onyx marble (tecalli),17
medium::neutral chalcedony (quartz),17
medium::lithograph on chine coll¨¦,17
medium::lacquered wood with gold,17
medium::knitted lace,17
medium::ivory (hippopotamus),17
medium::glazed pottery,17
medium::favrile glass,17
medium::etching on chine coll¨¦,17
medium::esite,17
medium::engraving and drypoint,17
medium::cotton on linen,17
medium::carved and gilded beechwood,17
medium::blackwork engraving,17
medium::basse taille enamel,17
medium::albumen silver print from glass negatives,17
culture::vietnam (north),17
culture::sceaux,17
culture::quechua,17
culture::northern european,17
culture::lucanian,17
culture::hittite,17
culture::alsace,17
culture::after italian original,17
tags::rowing,16
tags::resurrection,16
tags::orientalist,16
tags::octopus,16
tags::lyres,16
tags::lilies,16
tags::gloves,16
tags::fluting,16
tags::cradles,16
tags::benches,16
tags::amun,16
medium::yellow poplar,16
medium::wool wefts,16
medium::vellum,16
medium::trailed,16
medium::tissue,16
medium::stone; carved,16
medium::state iii,16
medium::state i,16
medium::slate,16
medium::silk tapestry (kesi),16
medium::printed,16
medium::photo-relief and letterpress on buff paper,16
medium::partly blued,16
medium::paper and metal paint / paint,16
medium::pair of hanging scrolls,16
medium::onyx and gold,16
medium::on light brown paper,16
medium::oil on slate paper,16
medium::malachite,16
medium::lacquered wood,16
medium::ink and color on palm leaf,16
medium::gouache on wove paper,16
medium::glazed terracotta,16
medium::gilded brass,16
medium::cotton on cotton,16
medium::carved and gilded beech,16
medium::brush with brown and gray wash,16
medium::brush and grey ink,16
culture::valdivia,16
culture::teotihuacan,16
culture::switzerland,16
culture::shaker,16
culture::malayan,16
culture::madrid (buen retiro),16
culture::guler,16
culture::gnathian,16
culture::german or swiss,16
culture::central italian,16
culture::aegean,16
country::ethiopia,16
country::democratic republic of the congo,16
tags::trojan war,15
tags::telescopes,15
tags::mythology,15
tags::marie antoinette,15
tags::gandharan,15
tags::footwear,15
tags::bobbins,15
medium::wool on canvas,15
medium::wool and linen,15
medium::wood (oak),15
medium::transferred to canvas and attached to wood panels,15
medium::synthetic,15
medium::stoneware (seto ware),15
medium::stippled,15
medium::stained,15
medium::slipware,15
medium::silver and brass inlay,15
medium::silk; metal; linen,15
medium::silk and metallic thread tapestry (kesi),15
medium::silk and metallic thread embroidery on silk satin,15
medium::sequins,15
medium::sapphires,15
medium::pressed colorless and opalescent glass,15
medium::polychrome enamels (arita ware),15
medium::pine soot and binding medium,15
medium::pen and blue ink,15
medium::open-work lace paper,15
medium::opaque glass with enamel decoration,15
medium::on vellum,15
medium::molded,15
medium::mica,15
medium::gypsum,15
medium::green glazed steatite,15
medium::green faience,15
medium::glazed stoneware,15
medium::etchings,15
medium::enameled and gilt,15
medium::earthenware with green lead glaze,15
medium::donkey skin,15
medium::die-cut scraps,15
medium::cotton and linen,15
medium::copper-gold alloy (shakud?¨­),15
medium::colorless glaze,15
medium::chestnut,15
medium::cast plaster,15
medium::carved wood,15
medium::canvas,15
medium::blackwork and engraving,15
culture::tiwanaku,15
culture::seleucid or parthian,15
culture::qajar,15
culture::north coast,15
culture::leuven,15
culture::india (tamil nadu),15
culture::india (bihar or west bengal),15
culture::f¨¹rstenberg,15
culture::french or german,15
culture::france,15
culture::for french market,15
culture::faenza,15
culture::canosan,15
culture::augsburg original,15
culture::augsburg decoration,15
culture::abruzzi,15
country::present-day greece,15
country::philippines,15
tags::turkeys,14
tags::tulips,14
tags::tabernacles,14
tags::swat valley,14
tags::stupas,14
tags::pluto,14
tags::pavilions,14
tags::madonna,14
medium::wood engraving and letterpress,14
medium::wash and watercolor,14
medium::tooled,14
medium::takamaki-e,14
medium::stumping,14
medium::silk; lampas,14
medium::sardonyx and gold,14
medium::ruled construction,14
medium::rhinestones,14
medium::pottery (jun ware),14
medium::pen and light brown ink,14
medium::over black chalk underdrawing,14
medium::non-lead glass with enamel decoration,14
medium::metal plate engraving,14
medium::lustreware,14
medium::lithograph and pen and brown ink on newsprint,14
medium::ink and watercolor on paper,14
medium::glazed ceramic,14
medium::glass (clear),14
medium::gilt gesso,14
medium::framing lines in pen and brown ink,14
medium::flax,14
medium::feather,14
medium::embroidery,14
medium::dark brown patina,14
medium::couching stitches,14
medium::commercial photolithograph,14
medium::burnished aquatint and drypoint,14
medium::brush and blue wash,14
medium::black walnut,14
medium::black steatite,14
medium::black basalt ware,14
medium::baleen,14
medium::aquatint printed in color with hand-coloring,14
culture::yoruba peoples,14
culture::west slavic,14
culture::tairona people; gayraca style,14
culture::salinar,14
culture::new zealand,14
culture::mixtec,14
culture::lombardy,14
culture::lambeth,14
culture::italian or greek,14
culture::german or french,14
culture::frankish or burgundian,14
culture::for export market,14
culture::cyclades,14
culture::chelsea-derby,14
culture::brescia,14
country::nubia (sudan),14
country::iraq or syria,14
country::belgium,14
tags::whales,13
tags::rainbows,13
tags::processions,13
tags::ice skating,13
tags::hell,13
tags::geometry,13
tags::chapels,13
medium::wood and various materials,13
medium::varnished,13
medium::traces of polychromy,13
medium::tortoise shell,13
medium::silver plate on copper,13
medium::shellac,13
medium::seed pearls,13
medium::plant remains ("balanites aegyptiaca"),13
medium::pastel,13
medium::over black chalk or graphite,13
medium::native-tanned skin,13
medium::metal-plate engraving,13
medium::linen cord,13
medium::linen and wool,13
medium::linen and silk on linen,13
medium::island,13
medium::inscribed bone,13
medium::ink on papyrus,13
medium::ink and graphite,13
medium::gold and coloured hiramakie,13
medium::fabric,13
medium::engraving; reverse copy,13
medium::engraving; only state,13
medium::earthenware with painted decoration,13
medium::couching,13
medium::commercial color lithography reproducing drawings,13
medium::brush with gray,13
medium::brush and black ink,13
medium::blue paste,13
medium::blackwork,13
medium::anhydrite,13
culture::turkestan,13
culture::thanjavur; blade,13
culture::teano,13
culture::ostrogothic,13
culture::moustiers,13
culture::moroccan,13
culture::indonesian,13
culture::french or flemish,13
culture::cocl¨¦ (macaracas),13
culture::castel durante,13
culture::buckinghamshire,13
country::yemen,13
tags::taverns,12
tags::poseidon,12
tags::museums,12
tags::libraries,12
tags::giraffes,12
tags::cloisters,12
medium::white metal,12
medium::unmounted shikisi leaf,12
medium::steatite; carved,12
medium::silver-gilt thread,12
medium::silver thread,12
medium::silver and black hiramakie,12
medium::silk embroidery on silk,12
medium::shells,12
medium::red sandstone,12
medium::red jasper,12
medium::porcelain with celadon glaze,12
medium::pen and ink and watercolor on wove paper,12
medium::painted in overglaze polychrome enamels,12
medium::painted and gilded wood,12
medium::over black chalk (recto),12
medium::on gray paper,12
medium::on blue-gray paper,12
medium::lusterware,12
medium::lithography,12
medium::kingwood,12
medium::hollow cast,12
medium::heavy card-stock,12
medium::gold gilt,12
medium::garnets with patterned foil backings,12
medium::earthenware; redware,12
medium::earthenware with slip decoration,12
medium::dyed,12
medium::delftware (tin-glazed earthenware),12
medium::carved and gilded oak,12
medium::brush and pale brown wash,12
medium::brush and brown wash on laid paper,12
culture::westerwald,12
culture::villeroy,12
culture::the hague,12
culture::roman or byzantine,12
culture::quimbaya,12
culture::prague,12
culture::potsdam,12
culture::muisca,12
culture::guanacaste-nicoya,12
culture::for swedish market,12
culture::dogon peoples,12
culture::chalcidian,12
culture::catalonia,12
country::present-day pakistan,12
country::papua new guinea,12
country::guatemala or mexico,12
country::colombia or ecuador,12
country::chile,12
tags::strawberries,11
tags::railway stations,11
tags::persian,11
tags::orchids,11
tags::mathura,11
tags::louis xvi,11
tags::kushan,11
tags::hotels,11
tags::boots,11
tags::bearing the cross,11
tags::amphitheatres,11
medium::wool; tapestry woven,11
medium::white with light greenish tint,11
medium::white cedar,11
medium::watercolor on off-white wove paper,11
medium::walrus ivory,11
medium::three cases,11
medium::third state,11
medium::textile (silk),11
medium::silk; metal,11
medium::silk (warp and weft),11
medium::punto ¨¤ tela,11
medium::porphyry,11
medium::polychrome woodblock printed book,11
medium::polychrome enamels,11
medium::pen and ink on tracing paper,11
medium::pen and brush and brown ink,11
medium::pen and black ink watercolor and gouache,11
medium::pattern-molded glass,11
medium::pastel on paper,11
medium::partially gilded,11
medium::over a sketch in graphite,11
medium::oribe type,11
medium::oak lower moldings and feather keys,11
medium::metalpoint,11
medium::matted painting,11
medium::luster-painted,11
medium::linen on linen,11
medium::lapis-lazuli,11
medium::kid,11
medium::imbe style,11
medium::hand-colored etching and stipple,11
medium::hand-colored engraving,11
medium::gut,11
medium::graphite on laid paper,11
medium::gold hiramakie,11
medium::gold and enamel,11
medium::embroidered silk on linen,11
medium::copper: engraved,11
medium::copper alloy (bronze),11
medium::case of gold and enamel,11
medium::brussels bobbin lace,11
medium::blown molded lead glass,11
medium::black ink and gray wash,11
medium::aquatint and drypoint,11
medium::ambrotype with applied color,11
culture::zen¨²,11
culture::yorkshire,11
culture::siberia,11
culture::sarreguemines,11
culture::orl¨¦ans,11
culture::native american,11
culture::lille,11
culture::india (bihar),11
culture::german or south netherlandish,11
culture::german or dutch,11
culture::etrusco-corinthian,11
culture::edomite,11
culture::canaanite,11
culture::austrian or german,11
culture::anglo-saxon,11
culture::alexandria-hadra,11
country::india or iran,11
tags::rosaries,10
tags::pears,10
tags::napoleon iii,10
tags::judas,10
tags::hourglasses,10
tags::fires,10
tags::dawn,10
tags::bible,10
tags::ankh,10
medium::wool and silk wefts,10
medium::wool and silk on canvas,10
medium::woodcut (wood engraving matrix),10
medium::undescribed state,10
medium::two-panel folding screen,10
medium::thread,10
medium::sweet gum,10
medium::silver and silver gilt,10
medium::silk and metal thread on wool,10
medium::silk and hemp,10
medium::red oak,10
medium::punto avorio,10
medium::privately published woodblock prints (surimono) mounted in an album,10
medium::pottery covered with glaze,10
medium::pottery (cizhou ware),10
medium::photo-relief and letterpress on pink paper,10
medium::photograph,10
medium::partial gilt,10
medium::paper reinforced with silk,10
medium::other woods,10
medium::mortar,10
medium::macram¨¦,10
medium::limestone with traces of paint,10
medium::inlaid with silver,10
medium::ink and gold on paper,10
medium::indigo-dyed cotton,10
medium::illustrations: lithography,10
medium::heliotrope,10
medium::heightened with white on blue paper,10
medium::hand colored lithograph with gum arabic,10
medium::gum arabic and metallic ink,10
medium::gray ink and gray wash,10
medium::graphite and watercolor on wove paper,10
medium::graphite and watercolor on tracing paper,10
medium::gouache and watercolor,10
medium::gilded wood,10
medium::framing line in pen and brown ink,10
medium::enameled glass,10
medium::electroformed copper,10
medium::cotton and metal thread,10
medium::copperplate printed,10
medium::colorless,10
medium::colored lithograph,10
medium::color aquatint,10
medium::cartonnage,10
medium::calcite alabaster,10
medium::brush with brown,10
medium::blue glazed,10
medium::black stone,10
medium::applied glass,10
culture::spanish or french,10
culture::south italian (daunian),10
culture::rhenish,10
culture::remojadas,10
culture::northwest china/eastern central asia,10
culture::naxos,10
culture::melanesian,10
culture::mante?o,10
culture::lisbon,10
culture::italic-native,10
culture::haute-savoie,10
culture::european or american,10
culture::central european,10
culture::bayreuth,10
culture::arabian,10
culture::ansbach,10
country::egypt and sudan,10
country::algeria,10
tags::tea,9
tags::spiders,9
tags::mathematics,9
tags::jason,9
tags::japanese,9
tags::harbors,9
tags::esther,9
tags::dining rooms,9
tags::billiards,9
medium::wood (pine),9
medium::transfer lithograph with scraping,9
medium::steel engraving,9
medium::soft maple,9
medium::silver; ebony,9
medium::silver and gilded silver,9
medium::silk; metal; cotton,9
medium::silk; embroidered,9
medium::shell beads,9
medium::shagreen,9
medium::semiprecious stones,9
medium::resin,9
medium::red lacquer,9
medium::rayskin (sam¨¦),9
medium::rawhide,9
medium::privately published polychrome woodblock prints (surimono) mounted in an album,9
medium::porcelain painted in famille verte enamels,9
medium::polychromed terracotta body,9
medium::polychromed and gilded,9
medium::polychromed,9
medium::plated base metal,9
medium::pineapple fiber,9
medium::pen and ink on paper,9
medium::pen and ink and gouache,9
medium::pen and bistre,9
medium::partly enameled,9
medium::papier-mach¨¦,9
medium::over traces of leadpoint,9
medium::non-lead glass with engraved decoration,9
medium::mezzotint on chine coll¨¦,9
medium::metal thread on silk,9
medium::marble; carved,9
medium::linen embroidered with crewel wool,9
medium::limestone; carved,9
medium::lacy pressed blue glass,9
medium::ivory; carved,9
medium::illustrations: wood engraving,9
medium::hirame,9
medium::glass (green),9
medium::gilt-bronze,9
medium::gilded gesso,9
medium::folded foot,9
medium::etching on wove paper,9
medium::early imari type,9
medium::cotton and silk,9
medium::color lithograph on wove paper,9
medium::cast terracotta,9
medium::cane (rattan),9
medium::burnishing,9
medium::brussels lace,9
medium::brush and brown wash over black chalk,9
medium::bronze-gilt,9
medium::blue glass,9
medium::blown glass with applied decoration,9
medium::bloodstone,9
medium::black ink on off-white wove paper,9
medium::black chalk and gray wash,9
medium::black chalk and graphite,9
medium::black and red hiramakie,9
medium::beechwood,9
medium::"vetro a retorti",9
medium::"tinned" surface,9
culture::w¨¹rzburg,9
culture::ubaid,9
culture::rhodes,9
culture::punjab hills,9
culture::praenestine,9
culture::parthian or sasanian,9
culture::kievan rus',9
culture::inuit,9
culture::india (orissa),9
culture::hanau,9
culture::bordeaux,9
culture::bahia,9
culture::after german original,9
culture::acheen,9
country::thailand,9
country::solomon islands,9
country::russia,9
country::new zealand,9
country::egypt or iraq,9
country::afghanistan,9
tags::visitation,8
tags::rats,8
tags::medea,8
tags::magicians,8
tags::legs,8
tags::fairies,8
tags::crayfish,8
tags::bathsheba,8
medium::woodblock-printed book,8
medium::wood; inlaid with ivory,8
medium::white porcelain,8
medium::white heightening,8
medium::white card stock with gilding,8
medium::watercolour,8
medium::tin-glazed earthenware (delftware),8
medium::terracotta; carved,8
medium::stucco; painted,8
medium::silver filigree,8
medium::silk velvet,8
medium::silk and metallic-thread tapestry (kesi),8
medium::silk and linen on linen,8
medium::shino type,8
medium::rope,8
medium::reticello,8
medium::redrawn in graphite on verso,8
medium::red earthenware,8
medium::pottery fragments with ink inscription,8
medium::pottery (longquan ware),8
medium::porcelain with underglaze blue (hirado ware),8
medium::polished,8
medium::pen and gray and brown ink,8
medium::parian,8
medium::paper negative,8
medium::paper and ivory,8
medium::painted by hand and mounted on linen,8
medium::over black chalk on light tan paper,8
medium::opaque white,8
medium::oil on cardboard,8
medium::machine net,8
medium::laid down on wood,8
medium::lacquered,8
medium::lace,8
medium::ko imari type,8
medium::ink on tracing paper,8
medium::impressed,8
medium::hand-colored etching and engraving,8
medium::graphite with touches of white gouache,8
medium::granulation,8
medium::gold plate,8
medium::gold and silver maki-e on black lacquer,8
medium::glass; stamped,8
medium::glass; pewter,8
medium::gilt wefts,8
medium::gilded and painted,8
medium::framing lines in pen and black ink,8
medium::foundation: cotton,8
medium::filigree,8
medium::embossed,8
medium::earthenware; buff slip,8
medium::distemper on wood,8
medium::diamonds; ivory,8
medium::dark green,8
medium::copper-gold alloy (<i>shakud¨­</i>),8
medium::copper alloy (latten),8
medium::colored wash,8
medium::chiaroscuro woodcut from three blocks in brown,8
medium::chalcedony (carnelian),8
medium::cast bronze,8
medium::cast - double,8
medium::carved and painted walnut,8
medium::carrara marble,8
medium::carnelian and white agate,8
medium::canvas worked with silk and metal thread,8
medium::caning,8
medium::camelid fiber,8
medium::by a later hand,8
medium::brush and brown wash over graphite,8
medium::brown ink and wash,8
medium::bronze gilt,8
medium::blown pattern-molded lead blue glass,8
medium::blown amber glass with applied threaded decoration,8
medium::animal hide,8
medium::ambrotype,8
medium::album of eight leaves,8
medium::adhesive,8
culture::tolita-tumaco,8
culture::sulawesi,8
culture::palestinian,8
culture::ottoman,8
culture::merovingian,8
culture::mali,8
culture::lowestoft,8
culture::liguria,8
culture::italian or flemish,8
culture::imari type,8
culture::ibero-roman,8
culture::huastec,8
culture::hanley,8
culture::greek or etruscan,8
culture::for british or american market,8
culture::faliscan,8
culture::european bronze age,8
culture::ecuador,8
culture::coalport,8
culture::chorrera,8
culture::china ( turkestan),8
country::iran or central asia,8
country::hungary,8
tags::water lilies,7
tags::slavery,7
tags::satavahana,7
tags::police,7
tags::panthers,7
tags::noah,7
tags::lockets,7
tags::lemons,7
tags::flight into egypt,7
tags::concerts,7
tags::christmas,7
tags::barrels,7
medium::wool on linen,7
medium::woodcut on vellum,7
medium::woodcut on chine coll¨¦,7
medium::wood; turned,7
medium::watercolor over traces of graphite,7
medium::walnut veneer,7
medium::vegetable fiber,7
medium::traces of red chalk,7
medium::tin-enameled earthenware,7
medium::the rim finished at the furnace,7
medium::terra cotta,7
medium::tent,7
medium::tempera on canvas,7
medium::straw on wood,7
medium::stoneware with inlaid design under celadon glaze,7
medium::stonepaste; modeled,7
medium::stem,7
medium::snakeskin,7
medium::silver; glass,7
medium::silver wire,7
medium::silver and brown hiramakie,7
medium::sheffield silver plate,7
medium::rose,7
medium::red wash,7
medium::red chalk (recto),7
medium::raden inlay,7
medium::purplewood,7
medium::probably earthenware,7
medium::pot metal,7
medium::porcelain with peach-bloom glaze (jingdezhen ware),7
medium::porcelain with ox-blood glaze,7
medium::porcelain painted in overglaze enamels,7
medium::plasma,7
medium::photo-relief and letterpress on green paper,7
medium::pen and ink with wash,7
medium::pen and black ink and watercolor,7
medium::pearwood,7
medium::over traces of ruling in graphite,7
medium::over a little black chalk,7
medium::orange,7
medium::on brown-washed paper,7
medium::oil paint,7
medium::oil on oak,7
medium::oak with traces of polychromy and gilding,7
medium::molded in relief,7
medium::mirror glass,7
medium::metal leaf,7
medium::medium,7
medium::looped embroidery,7
medium::linen embroidered with wool,7
medium::limewood with paint and gilding,7
medium::iron pins,7
medium::inlaid,7
medium::ink and watercolor over graphite,7
medium::ink and watercolor and wash,7
medium::ink and gold on parchment,7
medium::heightened with white (partly oxidized),7
medium::hard-paste biscuit porcelain,7
medium::handscroll; ink,7
medium::green glazed,7
medium::green glass,7
medium::graphite on off-white laid paper,7
medium::graphite and gouache,7
medium::gold lacquer,7
medium::gelatin silver print from glass negative,7
medium::gabbro,7
medium::free-blown non-lead glass,7
medium::etching with drypoint and roulette,7
medium::etching and stipple engraving,7
medium::engraved glass,7
medium::embroidered with silk,7
medium::drypoint on laid paper,7
medium::cut glass,7
medium::cotton; embroidered,7
medium::cork,7
medium::copper engraving,7
medium::colorless; blown,7
medium::colored,7
medium::coconut,7
medium::cloisonn¨¦,7
medium::chalk,7
medium::ceramic inlay,7
medium::brown and grey wash,7
medium::bronze with traces of gilding,7
medium::bone china with enamel decoration and gilding,7
medium::blue wash,7
medium::blue glaze,7
medium::black chalk heightened with white,7
medium::aogai inlay,7
medium::albumen silver print with applied color,7
medium::adhesive (lime plaster ),7
culture::verona,7
culture::udaipur,7
culture::topar¨¢,7
culture::thanjavur,7
culture::syro-anatolian-levantine,7
culture::surrey,7
culture::stockholm,7
culture::southall,7
culture::pompeian,7
culture::piedmont,7
culture::pesaro,7
culture::peruvian; central coast,7
culture::moro,7
culture::mimbres,7
culture::maori people,7
culture::kathmandu valley,7
culture::japan (ry¨±ky¨± islands),7
culture::iranian (persian),7
culture::greenwich,7
culture::german or netherlandish,7
culture::franco-netherlandish,7
culture::for danish market,7
culture::ferrara,7
culture::christiania,7
culture::chinese with french mounts,7
culture::caughley,7
culture::british and french,7
culture::bornean,7
culture::bavaria,7
culture::amhara or tigrinya peoples,7
country::greece,7
tags::vajrapani,6
tags::sunflowers,6
tags::pipes,6
tags::pinecones,6
tags::pentecost,6
tags::nero,6
tags::isaac,6
tags::iphigenia,6
tags::government,6
tags::drinking vessels,6
tags::corn,6
tags::baptismal fonts,6
medium::wood; carved and inlaid,6
medium::wood (beech),6
medium::whalebone,6
medium::unglazed buff clay,6
medium::two volumes,6
medium::tin-glaze (majolica),6
medium::tin-glaze,6
medium::spinach-green,6
medium::spatterware,6
medium::silk; brocaded,6
medium::silk twill brocaded with silk,6
medium::silk satin,6
medium::silk on linen canvas,6
medium::silk embroidery on linen,6
medium::silk and cotton on linen,6
medium::resist-dyed silk satin damask (rinzu),6
medium::remnant of iron pin,6
medium::red stoneware,6
medium::red chalk on light tan paper,6
medium::probably copper,6
medium::printed from a plate engraved in the niello manner,6
medium::potten kant,6
medium::possibly by the artist,6
medium::porcelain with relief decoration,6
medium::plates: engraving,6
medium::pigskin,6
medium::phyllitic schist,6
medium::other materials,6
medium::on thin laid paper. oval,6
medium::on cream laid paper,6
medium::oil on glass,6
medium::oak lower moldings,6
medium::mounted on canvas,6
medium::low-fired whitish clay,6
medium::laid down,6
medium::jade (nephrite) with gold and stone inlays,6
medium::iron red and gold,6
medium::iron mounts,6
medium::ink and color on silk,6
medium::human remains,6
medium::hand colored lithograph,6
medium::graphite on off-white bristol board,6
medium::gilded oak,6
medium::free-blown lead glass,6
medium::free-blown glass with applied decoration,6
medium::engraving; copy,6
medium::dark blue,6
medium::cut blown glass,6
medium::coral stopper,6
medium::circular fan-shaped woodblock print,6
medium::chlorite schist,6
medium::chiaroscuro woodcut from three blocks in green,6
medium::ceramic with glaze,6
medium::cement,6
medium::cameo-embossed open-work lace paper,6
medium::blown lead glass,6
medium::block-printed and resist-dyed,6
medium::black chalk or graphite,6
medium::black chalk on blue paper,6
medium::black and brown ink,6
medium::bird's-eye maple,6
medium::birchbark,6
medium::atlantic white cedar,6
medium::alabaster with paint and gilding,6
culture::upper rhenish,6
culture::tlingit,6
culture::stuttgart,6
culture::southern france,6
culture::sienese,6
culture::savoy,6
culture::salzburg,6
culture::paestan,6
culture::old bering sea,6
culture::north indian,6
culture::montelupo,6
culture::mongolian or tibetan,6
culture::macao,6
culture::italian or british,6
culture::isin-larsa,6
culture::indonesia (sumatra),6
culture::indian or nepalese,6
culture::highlands,6
culture::greek or cypriot,6
culture::gallo-roman,6
culture::for scottish market,6
culture::euboean,6
culture::etruscan or italic,6
culture::edinburgh,6
culture::czech,6
culture::continental european,6
culture::colonial,6
culture::chinese with dutch decoration,6
culture::archaic,6
culture::amber,6
culture::abruzzi and calabria,6
country::northwestern iran or baghdad,6
country::north netherlands,6
country::gaul,6
country::central italy,6
tags::prostitutes,5
tags::olive trees,5
tags::oceans,5
tags::mandolins,5
tags::hippocamps,5
tags::gorgons,5
tags::eggplants,5
tags::coronation of the virgin,5
tags::cherries,5
tags::camps,5
tags::arms,5
medium::zinc alloy; cast,5
medium::yellow wash,5
medium::yellow quartzite,5
medium::yellow lacquer,5
medium::wrapped gold,5
medium::wool; embroidered,5
medium::wood with ink inscription,5
medium::wood base,5
medium::white slip,5
medium::white marble from b¨¦at,5
medium::white card,5
medium::watercolor on ivory in gilded copper case,5
medium::vellum laid on card,5
medium::undecorated,5
medium::tile,5
medium::spangles,5
medium::soft paste porcelain,5
medium::so-called "mina'i" ware,5
medium::silver with parcel gilding,5
medium::silver takamaki-e,5
medium::silk satin with supplementary weft patterning,5
medium::silk chiffon,5
medium::silk and gold,5
medium::silk & metal thread,5
medium::rock crystal with jadeite stopper,5
medium::resist-dyed (ikat),5
medium::resist dyed,5
medium::repouss¨¦,5
medium::red and silver hiramakie,5
medium::red and black lacquer,5
medium::ray skin,5
medium::probably by the artist,5
medium::probably by a later hand,5
medium::pottery and ink,5
medium::polychromed and gilt,5
medium::point de gaze,5
medium::plaster; molded,5
medium::pen and iron gall ink,5
medium::pen and brown ink over traces of black chalk,5
medium::pen and black,5
medium::pastel manner,5
medium::partly enameled gold,5
medium::over traces of black chalk (recto),5
medium::over graphite or lead point,5
medium::open-work,5
medium::one of a triptych of hanging scrolls,5
medium::on silk,5
medium::oil on panel,5
medium::oil on linden,5
medium::oil and gold on wood,5
medium::mummification material,5
medium::mud plaster,5
medium::mortar traces,5
medium::mordant painted and dyed,5
medium::modeled,5
medium::milk glass,5
medium::mezzotint with drypoint,5
medium::marble (carrara marble),5
medium::lustered earthenware,5
medium::long-and-short,5
medium::light brown,5
medium::lead-glazed earthenware (creamware),5
medium::lead graphite,5
medium::lacquered wood with gold and silver hiramaki-e,5
medium::lacquer on paper,5
medium::ink and wash and graphite,5
medium::ink and gray wash,5
medium::in pen and brown ink,5
medium::green patina,5
medium::green glaze,5
medium::green black,5
medium::gray schist,5
medium::graphite and wash,5
medium::gold with red stone,5
medium::gold and silver foil,5
medium::gold and coloured togidashi,5
medium::gold alloy,5
medium::gold (cast alloy),5
medium::gilded fruitwood,5
medium::garnet cabochon,5
medium::frieze 1 of 8 plates,5
medium::folding fan,5
medium::fish skin,5
medium::etching; state ii,5
medium::etching with watercolor,5
medium::engravings,5
medium::engraving; third state,5
medium::enameled gold,5
medium::ebonized wood,5
medium::earthenware; stamped,5
medium::earthenware; slip covered,5
medium::derbyshire spar,5
medium::cuir bouilli (tooled leather),5
medium::crayon lithograph on china paper,5
medium::cotton; printed,5
medium::cotton and wool,5
medium::cotton (weft),5
medium::copper alloy with gilding,5
medium::commerical lithograph,5
medium::collotype,5
medium::chert,5
medium::carved relief,5
medium::carved red,5
medium::carved beech with crimson damask,5
medium::carved and gilt,5
medium::cameo-embossed  open-work lace paper,5
medium::burnished lavis,5
medium::brush and black,5
medium::brown ink on off-white wove paper,5
medium::bronze inlaid with gold,5
medium::brass gilt,5
medium::bound pages mounted with drawings and prints,5
medium::bobbin and needle lace,5
medium::blue-and-white porcelain,5
medium::blown and cut glass,5
medium::bell metal,5
medium::basswood,5
medium::at bottom,5
medium::album leaf; ink on silk,5
culture::venice or turkish,5
culture::turin,5
culture::thuringia (gotha),5
culture::southern italy,5
culture::south netherlandish or german,5
culture::solingen,5
culture::sarmatian,5
culture::proto-elamite,5
culture::ngandjuk,5
culture::neuwied am rhein,5
culture::longton hall,5
culture::liverpool,5
culture::langobardic or byzantine,5
culture::istanbul,5
culture::isin-larsa¨Cold babylonian,5
culture::indian (north),5
culture::ijebu group,5
culture::guerrero,5
culture::greek or achaemenid,5
culture::gonia,5
culture::florence or siena,5
culture::deccan,5
culture::chumash,5
culture::carthaginian,5
culture::cape prince of wales,5
culture::canada,5
culture::brunswick,5
culture::british or american,5
culture::balinese,5
culture::avon,5
culture::avignon,5
culture::arica,5
culture::american or french,5
culture::after italian,5
country::turkmenistan,5
country::azerbaijan,5
tags::saint luke,4
tags::persephone,4
tags::ajax,4
medium::yellow bow with red stripes,4
medium::wool warp;  wool,4
medium::wool pile on cotton foundation,4
medium::wood or coconut shell inlay,4
medium::whitewash,4
medium::waxed paper negative,4
medium::tulip,4
medium::tsuishu,4
medium::traces of paint & gilding,4
medium::topaz,4
medium::tinsel,4
medium::third state of three (gonse),4
medium::sulphur tint or open bite,4
medium::straw and palm leaf,4
medium::stoneware with natural ash glaze (sue ware),4
medium::stoneware with blue glaze,4
medium::stonepaste; incised,4
medium::some with traces of leaf gilding,4
medium::silvered copper alloy,4
medium::silk; samite,4
medium::silk; linen,4
medium::silk thread on silk,4
medium::shell inlay,4
medium::shark skin,4
medium::set of four hanging scrolls,4
medium::second state of three,4
medium::scalloped border,4
medium::sacrificial materials,4
medium::rosewood veneer,4
medium::rose quartz,4
medium::roller-printed,4
medium::remnants of iron pin,4
medium::purl,4
medium::punto di ragusa,4
medium::printed in color,4
medium::pressed cranberry and opalescent glass,4
medium::pressed cranberry,4
medium::pressed colorless and opaque cranberry glass,4
medium::pressed colorless and cranberry glass,4
medium::pressed and free-blown lead glass,4
medium::porcupine quill,4
medium::porcelain with yellow glaze,4
medium::porcelain with underglaze blue (arita ware),4
medium::porcelain with reticulated decoration,4
medium::porcelain with dark blue glaze,4
medium::porcelain with "powder-blue" glaze,4
medium::porcelain painted in polychrome enamels,4
medium::polychromed wood and terracotta,4
medium::point d'alen?on,4
medium::plastic,4
medium::pink wash,4
medium::pincered,4
medium::pigmented resin inlay,4
medium::photorelief and letterpress on pink paper,4
medium::pen and ink and watercolor on laid paper,4
medium::pen and black ink with watercolor,4
medium::peking glass,4
medium::partly blued steel,4
medium::painted limestone,4
medium::painted in overglaze gilt,4
medium::painted and gilded cartonnage,4
medium::paint;  on silk,4
medium::over black and red chalk,4
medium::openwork lace paper,4
medium::on copper,4
medium::oil paint on paper,4
medium::oak veneered with ebony,4
medium::needlework,4
medium::middle sheet of a triptych of polychrome woodblock prints,4
medium::metallic ink,4
medium::mercury,4
medium::leather (cuir bouilli),4
medium::leadpoint or graphite,4
medium::laid down on board,4
medium::ko imari style,4
medium::iron pin,4
medium::inlaid with plain and carved ivory,4
medium::inlaid with black compound,4
medium::heightened with white over black chalk,4
medium::guangdong province,4
medium::green jasper,4
medium::graphite on buff paper,4
medium::glazed (faience),4
medium::glass and lacquer,4
medium::gilded gesso on walnut,4
medium::gaudy dutch,4
medium::free-blown molded green glass,4
medium::enamel on brass,4
medium::embroidered in silk,4
medium::eiraku type,4
medium::earthenware with green glaze,4
medium::dark blue printed ware,4
medium::cut paper pasted on etched frames,4
medium::cut and voided silk velvet,4
medium::cupreous alloy,4
medium::cotton; painted,4
medium::colored enamels (arita ware),4
medium::coconut shell,4
medium::chromolithographic print on paper,4
medium::champlev¨¦ and cloisonn¨¦ enamel,4
medium::canvas worked with silk thread,4
medium::caned seat,4
medium::burnished,4
medium::brush and yellow,4
medium::brush and gray and black wash,4
medium::brush and brown and green wash,4
medium::brush and black wash,4
medium::brown-gray wash,4
medium::brown chalk,4
medium::bronze with green patina,4
medium::breccia,4
medium::brass inlay,4
medium::blue-cut-to-clear glass,4
medium::blown pattern-molded non-lead glass,4
medium::blown and engraved glass,4
medium::black lacquer patina,4
medium::black ink and graphite on off-white wove paper,4
medium::black crayon,4
medium::black chalk on brown paper,4
medium::before first state,4
medium::applied handles,4
culture::vulci,4
culture::visayas,4
culture::venetian or fa?on de venise,4
culture::united states,4
culture::tula,4
culture::tamil nadu,4
culture::tairona people; la aguja style,4
culture::spanish or mexican,4
culture::south french,4
culture::sinceny,4
culture::rhineland,4
culture::provincial,4
culture::phrygian,4
culture::peru,4
culture::ojibwa,4
culture::nantes or rouen,4
culture::michoacan,4
culture::italian peninsula,4
culture::indo-persian,4
culture::india (madhya pradesh),4
culture::huron,4
culture::harlingen,4
culture::gurkha,4
culture::french or dutch,4
culture::franco-flemish,4
culture::flemish or italian,4
culture::ecuadorian,4
culture::east germanic,4
culture::cypriot or phoenician,4
culture::coromandel coast,4
culture::congolese,4
culture::cocl¨¦ (parita),4
culture::cobridge,4
culture::chinese for export,4
culture::caeretan,4
culture::babylonian or kassite,4
culture::avar or byzantine,4
culture::african,4
culture::abruzzi (pescocostanzo),4
country::vanuatu,4
country::portugal,4
country::iran or present-day uzbekistan,4
country::guyana,4
country::gabon,4
country::france or germany,4
country::bulgaria,4
tags::zebras,3
tags::tunnels,3
tags::spinning wheel,3
tags::harpokrates,3
tags::christopher columbus,3
tags::architects,3
medium::yew,3
medium::wool; woven,3
medium::wooden legs,3
medium::woodblock ¨­ban print (nishiki-e),3
medium::wood; painted,3
medium::wood with lacquer,3
medium::wood with cloth and polychrome,3
medium::white porcelain decorated in blue under the glaze,3
medium::white and pot-metal glass with vitreous paint,3
medium::wash and watercolor over graphite on wove paper,3
medium::violet and yellow,3
medium::varicolored gold,3
medium::translucent watercolor on paper,3
medium::tinned copper,3
medium::tesserae,3
medium::teak,3
medium::sycomore,3
medium::sulphur tint,3
medium::stucco (white mortar),3
medium::struck and silvered,3
medium::stop-out,3
medium::stoneware with green glaze,3
medium::stone; cut and drilled,3
medium::snakewood,3
medium::slight traces of red chalk,3
medium::silver-plated,3
medium::silvered and yellow varnished,3
medium::silver plated,3
medium::silver mounts,3
medium::silver mount,3
medium::silver gilt and niello,3
medium::silk ribbon,3
medium::silk and metal thread on cotton,3
medium::silk and gold thread,3
medium::shell (marine),3
medium::semi-eggshell porcelain with famille rose enamels,3
medium::scratching,3
medium::satin worked with silk and metal thread,3
medium::sandstone with traces of pigment,3
medium::rose wash,3
medium::redware,3
medium::red ink,3
medium::printed in green ink,3
medium::print,3
medium::pressed amethyst glass,3
medium::porcelaneous clay,3
medium::porcelain with marbled glaze,3
medium::porcelain with iron-red glaze,3
medium::porcelain with copper-red glaze,3
medium::porcelain painted with cobalt blue under and colored enamels over transparent glaze,3
medium::poplar. gilt,3
medium::polychrome woodblock print (urushi-e),3
medium::plumbago on vellum,3
medium::platinum,3
medium::plastered and painted wood,3
medium::photo-relief and letterpress on beige paper,3
medium::pen and dark brown ink.  on off-white paper,3
medium::pen and black ink with grey wash,3
medium::pen and black ink on tracing paper,3
medium::papier mache,3
medium::over traces of graphite or lead,3
medium::over touches of graphite,3
medium::over black chalk (verso),3
medium::one of five of a set of ten hanging scrolls,3
medium::on buff laid paper,3
medium::olive green,3
medium::oak and sycamore woods,3
medium::nickel,3
medium::natural and artificial stones,3
medium::native-tanned leather,3
medium::moss agate,3
medium::molded ornament,3
medium::mixed method engraving and etching,3
medium::mezzotint touched with white chalk,3
medium::metallic yarn,3
medium::metal thread; brocaded,3
medium::metal mounts,3
medium::meta-greywacke,3
medium::matsugatani type,3
medium::mahogany with ash,3
medium::linen thread,3
medium::linen embroidered with silk thread,3
medium::lead-glazed earthenware inlaid with slip,3
medium::latten,3
medium::lacy pressed opalescent glass,3
medium::kurawanka type,3
medium::ivory inlay,3
medium::ivory  with metal mounts,3
medium::iron core,3
medium::imari style,3
medium::illustrated book,3
medium::hollow cut paper with pen and ink additions,3
medium::hollow cut paper,3
medium::hickory,3
medium::heavy die-cut card stock,3
medium::hard-paste porcelain painted with colored enamels over transparent glaze,3
medium::hand-coloring,3
medium::green; mold blown,3
medium::grass,3
medium::graphite on gray-green wove paper,3
medium::gouache on off-white wove paper,3
medium::gold wire with filigree,3
medium::gold and silver togidashi,3
medium::glassy faience,3
medium::glass in wooden frame,3
medium::gem stones,3
medium::free-blown green glass,3
medium::feathers on cotton,3
medium::etching ¨¤ la poup¨¦e,3
medium::engraving on paper,3
medium::enamel; ivory,3
medium::electrotype proof of a wood engraving,3
medium::ebonized walnut,3
medium::drypoint and roulette,3
medium::die cut card stock,3
medium::cut paper,3
medium::crayon-manner engraving with red ink,3
medium::copper alloy (brass),3
medium::copper  (hammered),3
medium::coniferous wood,3
medium::chiaroscuro woodcut from two blocks in brown,3
medium::chalk manner in red,3
medium::cast brass,3
medium::carved black and red lacquer,3
medium::carved and gilded pine,3
medium::cameo-embossed lace paper,3
medium::cameo embossed paper,3
medium::cameo embossed,3
medium::burnt,3
medium::brown and red hiramakie,3
medium::bronze or cupreous alloy,3
medium::bronze inlaid with silver,3
medium::brass; chased,3
medium::brass (cast),3
medium::blown satin yellow glass,3
medium::blown satin cranberry glass,3
medium::blown molded glass,3
medium::block printed and resist-dyed,3
medium::black wash,3
medium::black marble,3
medium::black hiramakie,3
medium::black chalk on off-white laid paper,3
medium::bast fiber,3
medium::banded agate,3
medium::applied handle,3
medium::applewood or pearwood,3
medium::almandine,3
medium::albumen and gelatin silver prints,3
medium::alabaster (gypsum),3
medium::abalone shell,3
culture::western europe,3
culture::verbilki,3
culture::venice original,3
culture::venice or french,3
culture::urbino with gubbio luster,3
culture::thanjavur district,3
culture::thailand or cambodia,3
culture::tellem peoples,3
culture::southern india,3
culture::smyrna,3
culture::saint-porchaire or paris,3
culture::pontic,3
culture::pennsylvania,3
culture::owo group,3
culture::oceanic,3
culture::nuremberg original,3
culture::northamptonshire,3
culture::north china and south-central inner mongolia,3
culture::native american (hawaiian) polynesian,3
culture::nailsea,3
culture::moche-wari,3
culture::la rochelle,3
culture::k?nigsberg,3
culture::kazakhstan,3
culture::italian or sicilian,3
culture::haida,3
culture::guatemala,3
culture::genucilia,3
culture::french (breton),3
culture::for iberian market,3
culture::fang people,3
culture::fa?on de venise,3
culture::etruscan or roman,3
culture::ecuadoran,3
culture::dutch or british,3
culture::costa rica or panama,3
culture::capuli,3
culture::bulgarian,3
culture::brabant,3
culture::bihar,3
culture::beautiran,3
culture::battersea,3
culture::bangladesh or india (bengal),3
culture::assam,3
culture::armenian,3
culture::arapaho,3
culture::aragon,3
culture::acheulean,3
country::western turkmenistan,3
country::south africa,3
country::scotland,3
country::korea,3
country::honduras,3
country::armenia,3
country::arabia,3
country::alamania,3
tags::warehouses,2
tags::leisure,2
tags::harvesting,2
tags::eos,2
tags::chemistry,2
medium::yellow and greenish yellow,2
medium::wrought,2
medium::woven and printed,2
medium::wool on cotton,2
medium::white with greenish tint,2
medium::white card with embossed,2
medium::white and blue-green faience,2
medium::whale ivory,2
medium::whale bone,2
medium::waxed plaster,2
medium::watercolor ans gouache with gum arabic,2
medium::velvet and metal thread,2
medium::transparent glaze,2
medium::translucent enamels,2
medium::translucent enamel,2
medium::sun-dried mud,2
medium::stoneware; pewter,2
medium::stoneware with celadon glaze (yue ware),2
medium::stone inlays,2
medium::some cast plaster elements,2
medium::silvered (clich¨¦),2
medium::silver; gilded,2
medium::silver and silver-gilt,2
medium::silk; tapestry weave,2
medium::silk; double weave,2
medium::silk lining,2
medium::silk and metal-wrapped thread on linen,2
medium::silk and metal wrapped thread,2
medium::silk / damask,2
medium::sharkskin,2
medium::serpentine; carved,2
medium::sandstone; inscribed,2
medium::ruling,2
medium::reverse painted,2
medium::red pine,2
medium::red cedar,2
medium::purpleheart,2
medium::product of hisatomi yojibei,2
medium::pressed blue glass,2
medium::precious stones,2
medium::porcelain with mirror-black glaze,2
medium::porcelain with incised decoration,2
medium::polychrome wood,2
medium::pink marble,2
medium::pen and ink over graphite,2
medium::peacock feather filaments,2
medium::painted tin,2
medium::painted enamel on gold,2
medium::painted and gilded limewood,2
medium::opalescent glass,2
medium::olive-brown patina,2
medium::non-lead glass,2
medium::mounted on board,2
medium::mounted in gold as a pendant,2
medium::mezzotint; first state,2
medium::metal thread and linen,2
medium::marquetry of various woods,2
medium::manuscript: ink,2
medium::linen; embroidered,2
medium::linen warp,2
medium::limonite,2
medium::light sage-green,2
medium::leather; gilded,2
medium::lacy pressed green glass,2
medium::kajoe pelet,2
medium::inlaid with ivory or bone,2
medium::hammered gold,2
medium::gut strings,2
medium::graphite on light tan wove paper,2
medium::graphite and ink,2
medium::gold on copper alloy,2
medium::gold and garnet,2
medium::glass paste cabochons,2
medium::glass cabochon,2
medium::gilt glass,2
medium::gilded pine,2
medium::garnet or glass paste cabochon,2
medium::fritware,2
medium::free-blown aquamarine glass,2
medium::flawed carnelian (quartz),2
medium::etching with stipple,2
medium::etching and engraving. second state,2
medium::enamelled,2
medium::egyptian alabaster,2
medium::die cut chromolithographed scraps,2
medium::cut-out gold foil application,2
medium::cut paper silhouette,2
medium::cut paper against a lithographic background,2
medium::composition ornament,2
medium::colorless (slightly gray) nonlead glass. blown,2
medium::color lithography,2
medium::clich¨¦-verre,2
medium::cinnabar,2
medium::chromolithographed die-cut scraps,2
medium::chicken skin,2
medium::chalcedony-agate,2
medium::carved and turned,2
medium::carnelian and gold,2
medium::brussels needle lace,2
medium::brush and spatter lithograph with scraper printed in black on wove paper,2
medium::brush and brown wash over traces of graphite,2
medium::brush and brown wash (verso),2
medium::bronze; cast and chased,2
medium::bois satin¨¦,2
medium::blue watercolor,2
medium::blue printed ware,2
medium::blown peachblow glass,2
medium::black lacquer inlaid with mother-of-pearl,2
medium::black chalk and charcoal,2
medium::black and white chalk on gray paper,2
medium::applied metal,2
medium::abalone,2
culture::tyrol,2
culture::tibetan or chinese,2
culture::swiss or german,2
culture::south african,2
culture::sardinian,2
culture::san sabast¨¬an,2
culture::raeren,2
culture::peru; south coast,2
culture::ottoman or tatar,2
culture::north america (alaska),2
culture::nalanda,2
culture::made for export,2
culture::longton,2
culture::kenyan,2
culture::italian (cremona),2
culture::guyanese,2
culture::german or british,2
culture::georgian,2
culture::for russian market,2
culture::florence or vicinity,2
culture::devonshire,2
culture::chinese with european decoration,2
culture::central highlands,2
culture::calima yotoco,2
culture::british or scottish,2
culture::american or german,2
culture::algerian,2
culture::alexandria,2
culture::afghan,2
country::kenya,2
country::iran (persia),2
country::french,2
country::borneo,2
tags::synagogues,1
tags::pelicans,1
tags::odysseus,1
tags::banners,1
medium::wool thread,1
medium::wood; probably cedar,1
medium::wood (fruitwood),1
medium::wood (escallonia),1
medium::white with faint grayish tint,1
medium::white marble of st. beat,1
medium::white earthenware,1
medium::watercolor on blue paper,1
medium::walnut and other woods,1
medium::violet,1
medium::veneered with tulipwood,1
medium::underglaze-painted,1
medium::unbleached linen,1
medium::turtle shell,1
medium::t?le,1
medium::three volumes,1
medium::thorn,1
medium::teeth,1
medium::suisaka type,1
medium::stoneware with splashed glaze (jun ware),1
medium::stoneware with sgraffito decoration (cizhou ware),1
medium::stoneware with natural ash glaze (shigaraki ware),1
medium::stones,1
medium::stipple etching and engraving,1
medium::squared for transfer in black chalk,1
medium::spinels,1
medium::spangles; long-and-short,1
medium::silver plated and gilt,1
medium::silver alloy,1
medium::silk; metal; paper; linen,1
medium::silk; cotton,1
medium::silk embroidery on cotton,1
medium::silk and wool on wool canvas,1
medium::shigaraki ware,1
medium::semi-porcelain,1
medium::sandalwood,1
medium::round fan mounted as an album leaf,1
medium::roller-printed cotton,1
medium::roller printed,1
medium::rhinestone,1
medium::reverse gilt,1
medium::reddish earthenware,1
medium::red glass,1
medium::rayskin,1
medium::probably first state of four,1
medium::pressed opaque blue and white glass,1
medium::pressed green glass,1
medium::possibly iron,1
medium::possibly etched to produce yellow mottling,1
medium::porcelain; ivory,1
medium::porcelain with yellow glaze (jingdezhen ware),1
medium::porcelain with moonlight glaze (jingdezhen ware),1
medium::porcelain with dark red glaze,1
medium::plaster; painted,1
medium::pine wood,1
medium::pen and gray and rose ink,1
medium::pen and brown-gray ink,1
medium::patinated plaster,1
medium::paste cabochons,1
medium::partly turned and carved,1
medium::partially glazed earthenware,1
medium::parchment paper,1
medium::parchment (vellum),1
medium::paper mach¨¦,1
medium::painted yellow poplar,1
medium::painted with underglaze cobalt (hizen ware),1
medium::painted white oak,1
medium::painted and gilded walnut,1
medium::opaque glass,1
medium::opalescent and opaque white glass,1
medium::on marble base,1
medium::on beige laid paper,1
medium::oak. carved,1
medium::now discolored to warm gray,1
medium::nickel silver,1
medium::mulberry,1
medium::mezzo punto,1
medium::metallic thread embroidery on silk satin,1
medium::metal thread; woven,1
medium::metal thread on canvas,1
medium::metal ears,1
medium::mazarin blue ground with gold decoration,1
medium::magnetite,1
medium::lithographic crayon,1
medium::lithograph with scraping,1
medium::light greenish gray,1
medium::leaded opalescent glass,1
medium::leaded glass,1
medium::lead glazed earthenware,1
medium::lampas,1
medium::lacquer with black ground,1
medium::ivory and paper,1
medium::inlaid with silver and brass (bidri ware),1
medium::hiramakie design in gold and silver,1
medium::hard-paste porcelain (jingdezhen ware),1
medium::green; cut,1
medium::green schist,1
medium::green cased over colorless lead glass,1
medium::gray stone,1
medium::graphite on newsprint,1
medium::graphite on light green wove paper,1
medium::graphite on green-tinted paper,1
medium::graphite and watercolor on laid paper,1
medium::gold pigment,1
medium::glass-vitrail,1
medium::glass; impressed,1
medium::glass; blown and tooled,1
medium::glass with engraved decoration,1
medium::glass lining,1
medium::gilt; orange bole,1
medium::gilt lining,1
medium::gilt gesso on pine,1
medium::gilded gesso on pine,1
medium::gilded and painted walnut,1
medium::gilded alloy,1
medium::gemstones,1
medium::gem,1
medium::free-blown silvered glass,1
medium::floral design,1
medium::faience decorated in colored enamels,1
medium::etching; touched proof,1
medium::etching with aquatint,1
medium::etching and drypoint on china paper,1
medium::etching and aquatint printed in color,1
medium::etching and aquatint in green,1
medium::engraving; proof,1
medium::engraved motto on white card stock,1
medium::earthenware; tin-enameled,1
medium::earthenware; red body,1
medium::earthenware with flint enamel glaze,1
medium::doeskin,1
medium::die-cut scrap,1
medium::diamond point,1
medium::cut and gilded,1
medium::couched,1
medium::copper and gold leaf,1
medium::copper alloy with light brown patina,1
medium::colorless glass and vitreous paint,1
medium::color woodcut,1
medium::coated with gold,1
medium::clay covered with glaze (takatori ware),1
medium::clay covered with glaze (seto ware),1
medium::carved; silk cut velvet,1
medium::cameo-embossed  lace paper,1
medium::burl,1
medium::buckskin,1
medium::brush and ink wash,1
medium::brown wash over traces of black chalk,1
medium::brown and yellow wash,1
medium::bronze with lead core,1
medium::bronze and gold leaf,1
medium::brass; hammered,1
medium::brass or bronze,1
medium::brass and glass,1
medium::both clich¨¦s,1
medium::bone china and unglazed porcelain (parian ware),1
medium::blown satin green with white opaque glass,1
medium::blown pattern-molded green glass,1
medium::black paint,1
medium::black chalk on laid paper,1
medium::black and white chalk on brown paper,1
medium::beauvais tapestry covers of silk and wool,1
medium::amethystine,1
medium::almost black,1
culture::venice or german,1
culture::tsimshian,1
culture::tibet (central asia),1
culture::sudanese,1
culture::skyros,1
culture::saudi arabian,1
culture::rome or florence,1
culture::quito,1
culture::potsdam or zechlin,1
culture::populonia,1
culture::palermo,1
culture::pakistan (baluchistan),1
culture::native american (hopi),1
culture::nantes or  rouen,1
culture::montauban (toulouse mint),1
culture::mennecy or sceaux,1
culture::malagasy,1
culture::macedonian,1
culture::kreussen,1
culture::kholmogory,1
culture::italian; blade,1
culture::italian or turkish,1
culture::italian (venice);  innsbruck,1
culture::italian (tuscany),1
culture::indian (bengal),1
culture::india (karnataka),1
culture::hungarian (slovakia),1
culture::german and italian,1
culture::freiburg im breisgau,1
culture::for continental ( french) market,1
culture::edinburgh and glasgow,1
culture::ecuadorian and philippine,1
culture::dyak,1
culture::dehua,1
culture::celtic or roman,1
culture::bhutanese,1
culture::bavarian,1
culture::asante,1
culture::and  bhutanese and nepalese,1
culture::after british original,1
country::uganda,1
country::present-day azerbaijan,1
country::mozambique,1
country::madagascar,1
medium::paper fringe,0
medium::buckshorn,0
culture::southern german or swiss,0
attribute_name,
